Russian,English
薪械,Not
褔褌芯,What
斜谢褟褌褜,fuck
懈,And
褌褘,You
褝褌芯,This
薪邪,on
褋,With
芯薪,He
屑褘,We
泻邪泻,How
胁褘,You
写邪,Yes
屑薪械,to me
褍,at
薪械褌,No
屑械薪褟,me
褌邪泻,So
薪芯,But
邪,A
械谐芯,his
胁褋械,All
芯薪邪,she
褌械斜褟,you
芯,O
械褋谢懈,If
斜褘,would
褌械斜械,you
蟹邪,for
芯薪懈,They
褔褌芯斜褘,to
卸械,same
锌褉芯褋褌芯,Just
械褋褌褜,There is
懈蟹,from
薪褍,Well
泻,To
写谢褟,For
褏芯褉芯褕芯,Fine
泻芯谐写邪,When
蟹写械褋褜,Here
锌芯,By
斜褘谢,was
蟹薪邪褞,I know
褌芯,That
褌芯谢褜泻芯,only
斜褘谢芯,was
屑芯卸械褌,Maybe
胁邪褋,you
胁褋褢,All
薪邪褋,us
芯褌,from
胁芯褌,Here
斜褘褌褜,be
斜褍写械褌,will
泻褌芯,Who
锌芯褔械屑褍,Why
胁邪屑,to you
芯褔械薪褜,Very
屑芯谐褍,Can
懈褏,their
械褖械,more
褍卸械,already
懈谢懈,or
褋锌邪褋懈斜芯,Thank you
薪邪屑,us
褌邪屑,there
褔械屑,how
褏芯褔褍,Want
褋械泄褔邪褋,Now
谐写械,Where
薪褍卸薪芯,need to
褝褌芯谐芯,this
薪懈褔械谐芯,Nothing
械械,her
斜褘谢邪,was
屑芯泄,my
蟹薪邪械褕褜,You know
谢邪写薪芯,OK
褝褌芯屑,this
写芯,to
锌芯褌芯屑褍,That's why
褌械锌械褉褜,Now
写褍屑邪褞,Think
斜芯谢褜褕械,more
锌,p
褋芯,with
褉邪蟹,once
械褢,her
胁褉械屑褟,time
械屑褍,to him
薪邪写芯,necessary
褝褌芯褌,this
谢懈,whether
锌褉懈胁械褌,Hello
写邪卸械,even
锌芯泻邪,Bye
褋泻邪蟹邪谢,said
褋械斜褟,myself
写芯谢卸械薪,must
褏芯褔械褕褜,Want
写邪胁邪泄,Let's
褝泄,Hey
械褖褢,more
褌芯谐芯,Togo
薪懈泻芯谐写邪,never
褌芯卸械,Same
褌芯谐写邪,Then
薪械谐芯,him
斜褘谢懈,were
泻芯薪械褔薪芯,Certainly
薪懈,no
芯斜,about
锌褉邪胁写邪,Truth
褌褍褌,here
屑芯褟,my
锌芯卸邪谢褍泄褋褌邪,Please
褋泻邪蟹邪褌褜,say
褌芯斜芯泄,you
褋械谐芯写薪褟,Today
芯写懈薪,one
屑芯卸械褕褜,can
谢褍褔褕械,better
褋褞写邪,here
屑薪芯泄,me
褋写械谢邪褌褜,do
蟹薪邪褔懈褌,Means
胁褋械谐写邪,Always
械泄,to her
锌芯褉褟写泻械,in order
写械谢芯,case
写芯谢卸薪褘,should
褌芯屑,volume
屑芯卸薪芯,Can
斜械蟹,without
写械薪褜,day
斜褍写褍,will
写械谢邪褌褜,do
褏芯褌械谢,wanted
褝褌懈,these
屑薪芯谐芯,many
褝褌懈屑,this
锌芯褋谢械,after
褔械谐芯,what
胁褋械谐芯,total
褌胁芯泄,your
胁芯,in
薪懈屑,him
谢械褌,years
斜芯卸械,God
薪懈褏,them
屑懈褋褌械褉,Mister
卸懈蟹薪褜,life
薪械泄,her
胁械写褜,after all
褌邪泻芯泄,such
锌芯褌芯屑,Then
泻芯褌芯褉褘泄,which
薪械屑薪芯谐芯,A little
胁芯蟹屑芯卸薪芯,Maybe
褔械褉械蟹,through
褋褝褉,sir
胁褋械褏,everyone
褋谢懈褕泻芯屑,too much
褋械斜械,to myself
懈屑,them
褌邪泻芯械,such
写芯谢卸薪邪,should
屑芯械泄,mine
蟹薪邪械褌械,you know
写褍屑邪械褕褜,do you think
褝褌芯泄,this
谢褞写懈,People
蟹邪褔械屑,For what
褋胁芯褞,my
褌胁芯褟,yours
褋泻邪蟹邪谢邪,said
褔械谢芯胁械泻,Human
薪邪蟹邪写,back
褝褌褍,this one
锌芯写,under
褌芯褔薪芯,exactly
屑芯卸械屑,Can
芯褌械褑,father
屑邪屑邪,Mother
褋谢褍褔懈谢芯褋褜,happened
屑芯谐,could
胁屑械褋褌械,together
褋写械谢邪谢,did
泻邪卸械褌褋褟,Seems
屑芯懈,my
写褉褍谐,Friend
薪懈泻褌芯,nobody
泻褍写邪,Where
褝褌邪,this
泻芯褌芯褉褘械,which
写胁邪,two
褌芯褌,That
卸懈蟹薪懈,life
褋泻芯谢褜泻芯,How many
薪褉邪胁懈褌褋褟,like
锌芯褝褌芯屑褍,That's why
锌芯薪懈屑邪褞,Understand
褋薪芯胁邪,again
锌邪褉械薪褜,boy
谢褞斜谢褞,I love
胁懈写械谢,saw
谢褞写械泄,people
锌芯屑芯褔褜,help
褏芯褔械褌,wants
锌芯褏芯卸械,Seems like
屑械褋褌芯,place
蟹薪邪褌褜,know
芯褌谢懈褔薪芯,Great
写芯屑芯泄,home
胁褋械屑,to everyone
写械薪褜谐懈,money
懈写懈,go
锌褉芯褋褌懈,forgive me
写芯泻褌芯褉,doctor
写褍屑邪谢,thought
胁褉械屑械薪懈,time
写芯屑邪,Houses
写械谢邪械褕褜,are you doing
懈屑械薪薪芯,exactly
谐芯胁芯褉懈谢,spoke
褋谢褍褕邪泄,Listen
锌褉褟屑芯,directly
锌芯谐芯胁芯褉懈褌褜,talk
斜褍写械屑,we will
褋胁芯械泄,his own
薪邪泄褌懈,find
褋褌芯懈褌,costs
褉邪蟹胁械,really
褌械屑,those
褏芯褌械谢邪,wanted
邪谐邪,yeah
屑芯卸械褌械,you can
谢懈褕褜,only
写械谢械,case
斜褍写械褕褜,you will be
锌褉芯褋褌懈褌械,Sorry
褋邪屑,myself
褌褉懈,three
蟹薪邪谢,knew
褏芯褌懈褌械,do you want
谐芯胁芯褉懈褌褜,speak
写械泄褋褌胁懈褌械谢褜薪芯,really
褋泻邪卸懈,Tell
褋芯胁褋械屑,at all
蟹薪邪械褌,knows
写邪胁邪泄褌械,Let's
锌褉芯褕褍,please
屑芯械谐芯,my
写芯屑,house
写芯谢卸薪芯,should
薪械褋泻芯谢褜泻芯,some
泻邪泻芯泄,Which
褋胁芯懈,their
胁邪屑懈,you
写械谢邪,affairs
谐芯胁芯褉懈褌,speaks
褔械褉褌,crap
卸邪谢褜,it's a pity
锌褉芯懈褋褏芯写懈褌,is happening
锌邪锌邪,dad
胁邪褕,your
褌褍写邪,there
锌褉芯,about
蟹邪胁褌褉邪,Tomorrow
芯薪芯,it
褍胁械褉械薪,sure
褋邪屑芯屑,itself
芯写薪邪,one
褌械褏,those
锌械褉械写,before
芯褌褋褞写邪,from here
薪邪褕,our
薪械械,her
褋胁芯泄,mine
薪褍卸薪邪,needed
屑芯褞,mine
薪褍卸械薪,needed
泻邪卸写褘泄,every
泻芯谐芯,whom
褉邪斜芯褌褍,work
胁械褉薪芯,right
褌胁芯械泄,yours
卸,and
斜褍写褍褌,will be
懈褌邪泻,So
懈屑褟,Name
锌芯薪褟谢,Understood
锌芯褉,pores
褍卸,already
薪邪写械褞褋褜,Hope
锌褉芯褌懈胁,against
褏胁邪褌懈褌,enough
锌芯褕谢懈,went
斜芯谢械械,more
谐芯胁芯褉褞,I say
褉邪薪褜褕械,earlier
薪邪胁械褉薪芯械,Maybe
褉械斜褟褌邪,Guys
褌胁芯懈,yours
胁邪褕邪,yours
写邪泄,give
锌褉懈,at
屑芯谐谢懈,could
薪邪屑懈,us
胁芯芯斜褖械,at all
胁褋褞,all
屑邪褌褜,mother
锌芯薪懈屑邪械褕褜,understand
泻芯,ko
懈写褌懈,go
褝褌懈褏,these
懈蟹胁懈薪懈褌械,Sorry
褔褢屑,how
褉邪写懈,for the sake of
薪械谢褜蟹褟,it is forbidden
褌邪泻邪褟,such
褏芯褌褟,Although
写褉褍谐芯泄,another
胁懈写褍,view
胁懈卸褍,I see
芯褌泻褍写邪,where
屑懈褋褋,Miss
胁懈写械褌褜,see
锌芯褋谢褍褕邪泄,listen
薪邪写,over
屑芯谐褍褌,can
写褍屑邪谢邪,I thought
斜褍写褌芯,as if
褉邪胁薪芯,equals
屑械卸写褍,between
蟹芯胁褍褌,they call
锌芯写芯卸写懈,Wait
褋泻芯褉芯,soon
褝褌芯屑褍,to this
胁芯蟹褜屑懈,take it
薪邪褕懈,our
懈蟹胁懈薪懈,I'm sorry
褋胁芯械谐芯,his own
褟褋薪芯,It's clear
褔械谢芯胁械泻邪,human
胁芯锌褉芯褋,question
谐芯写邪,years
胁械褖懈,things
屑懈薪褍褌,minutes
褉褍泻懈,hands
泻芯褌芯褉邪褟,which
锌芯褔褌懈,almost
褋屑芯褌褉懈,Look
褌邪泻懈械,such
屑芯谐谢邪,could
薪芯褉屑邪谢褜薪芯,Fine
写芯褋褌邪褌芯褔薪芯,enough
胁懈写懈褕褜,you see
褉邪斜芯褌邪,Job
锌邪褉褍,couple
薪芯褔褜,night
写薪褟,days
谐芯褋锌芯写懈,God
谐芯胁芯褉懈褕褜,you say
胁械褋褜,all
斜褘褋褌褉芯,fast
卸懈褌褜,live
褋褘薪,son
褏芯褌褜,at least
褌胁芯褞,yours
胁邪褕械,yours
锌芯褋屑芯褌褉懈,look
褋泻邪卸褍,I'll tell you
褍斜懈褌褜,kill
褋谢褘褕邪谢,heard
锌芯褉邪,it's time
谐芯褌芯胁,ready
褋芯斜芯泄,by yourself
懈屑械褞,I have
锌械褉胁褘泄,first
薪械褢,her
褋邪屑芯械,the most
胁懈写械谢邪,I saw
泻邪泻邪褟,which
褋屑芯谐褍,I can
褋泻邪蟹邪谢懈,they said
锌谢芯褏芯,Badly
屑懈褋褋懈褋,Mrs.
褉邪写,glad
屑械褋褌械,place
薪懈泻邪泻懈褏,none
薪邪褋褔械褌,about
懈薪芯谐写邪,Sometimes
锌褉邪胁,right
薪邪褕谢懈,found
芯褌褑邪,father
胁邪褕懈,yours
写械褌械泄,children
锌褍褋褌褜,let
屑芯械,my
褋胁芯懈褏,their own
蟹薪邪械屑,we know
胁褉芯写械,like
泻芯褌芯褉褍褞,which
锌芯泄写褍,I'll go
褋写械谢邪谢邪,did
褋屑械褉褌懈,death
褌邪泻懈屑,like this
蟹薪邪谢邪,knew
锌褉芯懈蟹芯褕谢芯,happened
谐芯胁芯褉懈谢邪,spoke
褋芯斜懈褉邪褞褋褜,going to
褉褟写芯屑,near
褋谢褍褔邪械,case
芯写薪芯谐芯,one
锌褉邪胁懈谢褜薪芯,Right
褍胁懈写械褌褜,see
泻械屑,by whom
屑懈褉,world
斜褉邪褌,Brother
锌芯泄褌懈,go
褌邪泻芯谐芯,such
锌芯屑芯褖褜,help
胁褔械褉邪,yesterday
写械谢邪械褌,does
谐芯胁芯褉褟褌,They say
芯写薪芯,one
泻褉芯屑械,except
薪邪褕械泄,ours
蟹写芯褉芯胁芯,Great
写胁械褉褜,door
写褉褍谐邪,friend
卸械薪褖懈薪邪,woman
褍斜懈谢,killed
斜褍写褜,be
写芯谢谐芯,for a long time
胁邪卸薪芯,important
薪芯屑械褉,number
写械薪械谐,money
褏芯褉芯褕懈泄,good
胁械褔械褉芯屑,In the evening
芯写薪褍,one
锌褉芯斜谢械屑褘,problems
胁邪褕械泄,yours
褉邪斜芯褌邪褌褜,work
褌胁芯械谐芯,yours
薪芯褔懈,nights
锌褉芯斜谢械屑邪,problem
褋邪屑邪,herself
褍胁械褉械薪邪,sure
薪褍卸薪褘,needed
褋械褉褜械蟹薪芯,seriously
屑邪褕懈薪褍,car
褌邪泻卸械,Also
褌芯屑褍,to that
锌芯褋谢械写薪懈泄,last
锌褟褌褜,five
胁械褉薪褍褌褜褋褟,return
写邪谢褜褕械,further
屑芯懈褏,mine
褍蟹薪邪褌褜,to know
锌褉邪胁邪,rights
褋胁芯懈屑,your own
薪芯褔褜褞,at night
写械褌懈,children
褌械,those
褔褍胁褋褌胁褍褞,feel
褉邪斜芯褌邪械褌,works
写邪胁薪芯,for a long time
屑芯懈屑,mine
褔褍胁邪泻,dude
褔褢褉褌,crap
写胁械,two
卸械薪邪,wife
锌褉懈写械褌褋褟,will have to
芯锌褟褌褜,again
写芯褉芯谐邪褟,Expensive
芯写薪芯泄,one
写褍屑邪械褌械,do you think
锌芯屑薪懈褕褜,do you remember?
褋薪邪褔邪谢邪,at first
谐谢邪蟹邪,eyes
褍褌褉芯屑,in the morning
褋褌邪褌褜,become
锌褉械泻褉邪褋薪芯,Wonderful
胁蟹褟褌褜,take
锌邪褉薪褟,guy
懈写械褟,idea
褔邪褋褌褜,Part
薪懈屑懈,them
斜芯谢褜褕芯泄,big
褋写械谢邪谢懈,done
胁懈写械谢懈,saw
褋褉邪蟹褍,straightaway
褋谢芯胁邪,words
锌芯屑薪褞,I remember
褍褌褉芯,morning
褋械褉写褑械,heart
